"","Year","Sort Order","region","Notes","Code","Type of Data (a)","Total","Other South","Other North","Afghanistan","Albania","Algeria","American Samoa","Andorra","Angola","Anguilla","Antigua and Barbuda","Argentina","Armenia","Aruba","Australia","Austria","Azerbaijan","Bahamas","Bahrain","Bangladesh","Barbados","Belarus","Belgium","Belize","Benin","Bermuda","Bhutan","Bolivia (Plurinational State of)","Bonaire, Sint Eustatius and Saba","Bosnia and Herzegovina","Botswana","Brazil","British Virgin Islands","Brunei Darussalam","Bulgaria","Burkina Faso","Burundi","Cabo Verde","Cambodia","Cameroon","Canada","Cayman Islands","Central African Republic","Chad","Channel Islands","Chile","China","China, Hong Kong SAR","China, Macao SAR","Colombia","Comoros","Congo","Cook Islands","Costa Rica","Côte d'Ivoire","Croatia","Cuba","Curaçao","Cyprus","Czechia","Dem. People's Republic of Korea","Democratic Republic of the Congo","Denmark","Djibouti","Dominica","Dominican Republic","Ecuador","Egypt","El Salvador","Equatorial Guinea","Eritrea","Estonia","Eswatini","Ethiopia","Falkland Islands (Malvinas)","Faroe Islands","Fiji","Finland","France","French Guiana","French Polynesia","Gabon","Gambia","Georgia","Germany","Ghana","Gibraltar","Greece","Greenland","Grenada","Guadeloupe","Guam","Guatemala","Guinea","Guinea-Bissau","Guyana","Haiti","Holy See","Honduras","Hungary","Iceland","India","Indonesia","Iran (Islamic Republic of)","Iraq","Ireland","Isle of Man","Israel","Italy","Jamaica","Japan","Jordan","Kazakhstan","Kenya","Kiribati","Kuwait","Kyrgyzstan","Lao People's Democratic Republic","Latvia","Lebanon","Lesotho","Liberia","Libya","Liechtenstein","Lithuania","Luxembourg","Madagascar","Malawi","Malaysia","Maldives","Mali","Malta","Marshall Islands","Martinique","Mauritania","Mauritius","Mayotte","Mexico","Micronesia (Fed. States of)","Monaco","Mongolia","Montenegro","Montserrat","Morocco","Mozambique","Myanmar","Namibia","Nauru","Nepal","Netherlands","New Caledonia","New Zealand","Nicaragua","Niger","Nigeria","Niue","North Macedonia","Northern Mariana Islands","Norway","Oman","Pakistan","Palau","Panama","Papua New Guinea","Paraguay","Peru","Philippines","Poland","Portugal","Puerto Rico","Qatar","Republic of Korea","Republic of Moldova","Réunion","Romania","Russian Federation","Rwanda","Saint Helena","Saint Kitts and Nevis","Saint Lucia","Saint Pierre and Miquelon","Saint Vincent and the Grenadines","Samoa","San Marino","Sao Tome and Principe","Saudi Arabia","Senegal","Serbia","Seychelles","Sierra Leone","Singapore","Sint Maarten (Dutch part)","Slovakia","Slovenia","Solomon Islands","Somalia","South Africa","South Sudan","Spain","Sri Lanka","State of Palestine","Sudan","Suriname","Sweden","Switzerland","Syrian Arab Republic","Tajikistan","Thailand","Timor-Leste","Togo","Tokelau","Tonga","Trinidad and Tobago","Tunisia","Turkey","Turkmenistan","Turks and Caicos Islands","Tuvalu","Uganda","Ukraine","United Arab Emirates","United Kingdom","United Republic of Tanzania","United States of America","United States Virgin Islands","Uruguay","Uzbekistan","Vanuatu","Venezuela (Bolivarian Republic of)","Viet Nam","Wallis and Futuna Islands","Western Sahara","Yemen","Zambia","Zimbabwe","Northern_America","Northern_America2"
"1",1990,"1990015","Africa",NA,903,NA,15689666,807899,258638,1037,504,31807,0,0,651580,0,707,1084,784,0,7318,7204,24,85,1706,3078,30,1061,10934,0,219473,61,0,158,0,236,23203,3307,23,88,3952,1014919,332476,11070,0,65623,6033,0,37225,320620,0,719,21617,1877,0,183,21133,34554,0,0,316953,603,1780,0,1047,1315,511,340767,2493,1841,0,0,9,33380,618,27732,136373,82,34614,1449227,0,0,47,1419,143740,0,0,6625,23613,0,97653,243344,33,8267,0,0,0,0,97,338046,39300,54,0,0,0,483,16,34437,8035,1242,7546,6204,0,3626,37590,192,7162,15394,545,87373,0,9647,48,33,199,21383,190957,498523,16291,0,192,83,15895,131850,12001,60,596072,163,0,0,120979,6540,1800,153,0,249,1,0,0,14297,2142332,220,14768,23,152,23225,0,1594,106,146295,293246,21,206,28,1145,1715,4923,0,59,59,116,203,4536,3475,29457,0,1106,3100,48,2100,1689,46505,539287,220,26,0,0,0,0,0,8084,23326,239474,1964,6641,42134,694,0,272,15,0,738124,72864,509162,6390,2660,242419,292614,0,2932,12232,25911,180,3994,11,174468,0,0,26,4073,3817,79,0,0,238388,2570,2023,165322,141874,52040,20,111,328,0,322,156,0,167905,17828,58056,163304,58134,58134
"2",1990,"1990016","Asia",NA,935,NA,48209949,2005398,961154,6702728,1291,20924,0,0,581,0,0,28270,243388,9,35094,14070,577509,0,9278,5287899,0,195573,8936,0,2,0,27895,111,0,7148,2,75906,18,19610,483744,0,1,12,118677,14,32681,0,4,12561,0,2644,2842685,29981,81233,1368,0,121,0,35,0,93,104,0,9210,467,22346,178,3223,1,0,3,107,1013469,3,0,8640,3444,18,123669,0,0,2386,1878,42813,0,0,0,0,117706,265317,705,1,114719,0,0,11,58,9,0,0,0,1,0,1,15922,18,5350529,1315257,111858,1353689,1570,0,99111,9781,4,61052,226702,137253,8237,0,55446,39483,229221,13801,83639,0,0,34364,0,28272,14,2,2,366794,1827,0,18,0,0,244,2550,0,2292,0,0,158,0,0,163288,3,640337,1,0,740561,21053,0,7816,3,39,4768,0,37872,0,6431,10072,2891169,3,5,9,2,13247,684653,107815,4741,9,10157,901419,57455,0,136664,5024473,0,0,0,0,0,0,0,0,0,57423,18,665,2,1,66254,0,126,39,0,42507,10038,5780,5124,624222,1533729,277219,29,3763,13209,443703,66286,107697,736,0,0,0,4,44331,83256,10692,0,0,2063,868519,71876,137217,89,221975,37,4333,349088,0,710,157530,0,0,426193,1080,76,254656,254656
"3",1990,"1990017","Europe",NA,908,NA,49608231,432964,871477,82736,170977,857978,963,3404,163553,434,618,103854,610471,727,137808,334710,1046377,504,993,130797,22022,1544226,277088,1257,14672,61553,529,9915,2843,751548,2613,133363,80,757,109550,6318,4116,65791,75272,46635,152316,170,9094,3487,18625,84097,261274,76599,984,69128,18927,61374,10,3027,46145,349479,35454,38636,125778,147698,15487,90298,119143,3321,2830,37008,13517,135397,6300,8433,8532,92057,328,66841,159,7240,820,198461,688603,7,35,8659,11139,794255,1468166,98718,11310,484693,8997,1464,28,3,10782,13422,16069,22309,30031,10,3086,165727,11567,533424,208724,258799,87217,652060,10004,59461,1598890,141726,104641,34460,2824054,119390,51,4175,480853,55168,156919,149947,245,6711,19446,3234,269095,33050,42183,10931,53437,224,51219,33708,3,8,13215,76307,0,32399,17,4033,24240,75846,1297,1535101,77880,12279,872,2,4319,310778,20,49307,3420,3370,88671,0,322536,268,76958,655,323236,12,3171,579,3535,58787,174506,705505,1089715,316,548,69923,553934,11,525028,7270336,8076,508,958,1420,11,1221,114,1376,5881,9904,127725,688901,3894,12165,40205,13798,119464,69900,63,44672,101596,1,813826,171524,6380,8118,156939,129013,220892,73660,469388,68281,996,19226,3,213,18854,409534,2448405,248513,25,74,54922,4450625,2165,779773,34268,546592,36,19244,1062226,156,68927,286822,884,333,5842,19235,25028,769469,769469
"4",1990,"1990018","Latin America and the Caribbean",NA,904,NA,7161371,344362,64989,199,503,863,0,55,5400,1507,6485,180164,1366,5948,3056,13173,5,1721,53,71,5338,680,7823,3934,1,91,16,181152,306,33,5,194655,2895,2,2639,27,21,59,168,50,25285,104,19,13,101,297969,50072,2465,33,643244,4,102,11,21636,158,3001,59378,4123,136,7006,1284,53,2132,0,18623,78647,48291,5876,733802,3,25,211,3,159,23,2,7,812,113595,2783,18,10,11,38,80796,91,40,8904,513,19423,5655,6,102929,5,3,26812,234106,21,42258,10949,54,6508,511,1039,290,1164,0,9488,514797,13682,106383,1370,13,105,0,93,4,1475,480,33733,17,9,279,178,2288,265,27,1,186,2,10,63,0,10725,10,1,0,43120,10,30,7,241,2014,2445,1077,55,6,0,14,19290,3,464,263014,12,783,2,13451,8,1108,34,666,1,44535,4,283290,83613,2106,52514,364122,18768,37,19244,1015,862,13631,26114,4,125,10802,11897,52,18625,0,43,12,1512,144,942,0,1,89,912,161,1978,0,34,1097,0,511194,37,1315,24,19461,3618,13505,25914,2,324,0,4,0,1,14587,142,4504,3,2090,8,22,6315,46,36002,36,578299,2235,176204,41,211,69923,260,12,1,14,5,28,604240,604240
"5",1990,"1990019","Northern America",NA,905,NA,27610408,2923653,198963,33765,6025,8372,0,0,3518,106,13922,103223,43252,3886,55694,113299,10067,22694,297,25617,57240,25806,55959,30892,149,9646,0,32848,57,80489,77,89517,72,4246,11453,38,489,14416,136066,3463,747342,96,14,106,0,77626,942103,377459,11699,293671,19,87,0,44777,3058,23393,738719,396,14171,102819,106,4975,64250,111,20978,350535,150999,93194,492578,10,15761,15380,101,48570,0,261,31287,38477,172949,48,53,38,1499,7438,885412,27310,201,257786,0,22273,125,0,234298,1257,24,184130,264692,0,111125,165039,5624,617202,55685,240408,51791,197169,0,102155,918065,432744,302020,33896,9477,30285,0,11331,2089,185437,33591,138763,77,11580,4608,0,36385,2604,1180,293,49300,0,111,19387,1086,288,24,5095,0,4316624,2741,130,24,0,3877,31657,691,22172,167,0,2382,220571,58,22597,174858,48,58379,0,17507,0,50272,14,116063,0,86855,106,10759,155209,1031071,565580,366307,1180565,259,600119,13216,63,123542,285987,307,0,8911,8672,422,17181,11471,0,0,14364,2753,5763,22486,7433,18919,113,10286,12337,0,21954,58469,0,87222,38432,26467,5747,3373,61306,54921,47342,1804,112507,0,120,0,10764,163130,6539,66805,675,196,0,15282,205056,2874,1333457,25343,242567,34,25799,16092,0,45458,652259,0,0,5394,4293,6988,999977,999977
"6",1990,"1990020","Oceania",NA,909,NA,4731848,34250,11579,2885,984,1783,1078,333,310,0,21,13574,388,26,64726,23632,99,178,493,4369,301,260,4620,34,17,351,25,509,0,22312,153,3644,6,1620,1755,30,15,20,25247,68,34506,3,6,15,0,29971,113897,62699,1699,2341,0,134,17467,236,34,49238,361,35,24036,17955,50,255,10520,34,6,23,1085,40862,8774,0,1272,2731,117,1489,78,17,55619,9718,54195,6,3043,20,18,17,132104,994,409,148090,0,89,9,1309,217,33,13,426,43,0,124,29394,342,81077,50153,17993,6169,59119,731,7756,271883,662,27663,2175,297,4950,4002,919,101,11687,10144,81858,43,63,1268,16,4818,125,137,360,81044,80,24,57407,337,20,16,20215,35,777,4946,37,36,1297,0,1463,386,10247,265,1394,632,128721,4070,306395,725,15,959,5837,40724,2221,2622,45,7271,2942,118,2354,277,3795,136812,75526,19115,1163,97,30924,15,51,12512,9478,44,31,17,16,0,22,63276,0,0,637,149,44312,2610,120,30307,0,2697,7227,2149,776,64239,0,15263,49076,2753,1218,68,6216,11517,5351,41,18505,9518,12,1681,21688,920,957,33246,25,0,2268,925,12675,561,1342562,1460,97760,0,11795,245,4693,606,140846,5588,0,221,2534,8941,132617,132617
"7",1995,"1995015","Africa",NA,903,NA,16357077,743076,263553,737,425,31839,0,0,494842,0,675,1087,578,0,5624,5253,23,81,1387,2551,18,934,8140,0,259640,38,0,98,0,277,20038,3221,14,69,2494,1205685,533243,11838,0,73629,6260,0,39497,207471,0,470,24303,1120,0,211,31691,49526,0,0,387032,487,1891,0,1389,1077,441,442632,2222,3011,0,0,9,37406,636,36868,324448,72,29199,560192,0,0,29,1227,152477,0,0,7186,19823,0,70879,250733,28,6952,0,0,0,0,63,345926,43011,34,0,0,0,412,13,41736,10794,925,36805,5101,0,2790,29338,119,4777,18019,635,89671,0,10377,45,20,163,21655,136062,507597,16757,0,157,80,20963,138253,10370,47,766443,133,0,0,137029,6941,3893,148,0,255,6,0,0,15222,731382,140,26097,14,110,15941,0,1341,66,173132,289062,13,161,17,994,1657,6492,0,36,36,72,128,4796,3922,28530,0,1199,2338,45,1509,1405,30767,2048983,137,16,0,0,0,0,0,10044,30625,216065,1550,9164,422929,778,0,220,42,0,777139,75410,430928,5766,2190,267526,448409,0,2573,7514,28033,381,3820,14,283471,0,0,16,4355,3307,142,0,0,282531,2489,2319,148505,162486,40804,30,69,337,0,209,98,0,166903,19942,108474,226145,47102,47102
"8",1995,"1995016","Asia",NA,935,NA,46418044,2000073,870403,3544112,2603,27454,0,0,781,0,0,32608,241155,12,38334,17485,673160,0,20243,5178700,0,160068,11397,0,3,0,117302,149,0,7221,3,225615,43,26791,476648,0,2,16,165281,20,40735,0,6,11458,0,2954,3088250,48382,81548,1823,0,162,0,61,0,184,129,0,9537,931,35990,259,4742,2,0,4,144,1132929,4,0,12051,3271,44,120252,0,0,1300,2452,51498,0,0,0,0,134515,287838,1349,2,91898,0,0,27,78,12,0,0,0,5,0,2,16881,36,5437844,1614403,140351,1035629,2091,0,99253,11549,6,64213,241248,105979,5677,0,56265,31792,273539,12151,87320,0,0,32059,0,22616,30,3,3,642079,1220,0,36,0,0,269,1459,0,3129,0,0,814,0,0,173772,4,857612,2,0,838765,26582,0,9657,4,33,6054,0,84485,0,10464,10107,2728557,4,7,12,3,44003,807971,103492,5133,12,10205,855240,51552,0,146592,4458442,0,0,0,0,0,0,0,0,0,62064,42,945,5,2,64938,0,256,91,0,68165,12021,7115,5947,581066,1967906,293239,39,6175,14854,457823,95503,148377,71387,0,0,0,6,43779,109640,10850,0,0,1472,745205,81723,156157,180,251804,30,4969,338037,0,711,199558,0,0,441636,999,108,292539,292539
"9",1995,"1995017","Europe",NA,908,NA,53489829,433073,1105232,111671,470652,897438,1021,3959,181366,729,2257,111649,602220,1153,157942,332410,1026080,1290,2879,163225,21497,1539316,288326,1277,15767,32029,603,13196,3284,1235393,2730,171336,233,2037,137245,9762,5912,74092,77898,56361,160341,617,9596,3791,15545,91081,374239,77883,1966,93468,19570,65579,10,3959,56333,623918,51275,44774,113430,206500,15289,106671,128584,3588,5761,53028,35777,153928,9629,9532,18007,107702,787,66369,628,9706,2231,237500,756345,6,75,9182,14744,809102,1588714,118907,9395,503795,10912,5581,24,3,11966,16065,24090,22520,31372,26,4110,195175,14983,591106,201009,282859,153118,602849,8266,58428,1611290,142655,113014,32543,3176920,129902,118,7810,515547,56530,172155,155705,411,8638,20662,2840,276955,34723,44647,11760,58010,306,53644,33492,2,4,14319,80268,0,39729,25,4368,26710,140983,5078,1644971,78760,12137,1491,6,7788,331738,82,58563,4232,3753,124198,0,330810,277,90499,1608,386867,16,3907,1051,4582,88671,203068,944299,1184057,327,1041,81906,549412,15,643704,6753149,9897,1912,3636,4826,26,4151,267,2420,9217,12701,135042,852865,4210,19884,44289,15991,176019,84650,201,82064,145568,1,817202,209079,6401,14394,167958,146918,231070,87198,457196,94147,2745,25711,2,294,20732,418418,2540146,231664,80,115,57760,4564732,4803,736856,36574,539700,100,23123,1156423,217,81517,306720,451,243,11366,21870,39460,743008,743008
"10",1995,"1995018","Latin America and the Caribbean",NA,904,NA,6688710,309782,66791,186,444,892,0,52,6115,1716,7277,201212,1337,5364,3438,11429,5,1746,55,62,5458,665,7781,3998,1,85,16,224671,401,35,5,186962,3855,2,2508,26,14,58,181,46,30095,94,16,18,81,283564,57469,2714,21,702750,2,105,12,20782,86,3062,62636,4807,132,6614,1966,47,2213,0,19551,93658,55695,5299,230465,2,26,219,3,180,23,2,10,855,131915,3170,12,8,14,29,73932,126,39,7800,454,17965,6591,6,80699,6,2,32354,260477,11,40739,8780,48,7634,623,1111,296,1368,0,8637,437440,17314,98573,1236,15,101,0,96,4,1493,468,31995,14,7,278,172,1710,264,29,4,222,2,49,69,0,12294,5,1,0,47184,10,30,8,238,2275,2211,1264,61,8,3,14,20756,4,561,228470,24,794,44,8495,7,1174,21,814,1,30798,5,317146,143233,2762,39701,321962,20191,35,17857,995,985,11167,22366,6,301,10997,13053,61,18453,0,40,11,1641,115,962,0,1,125,1116,155,1951,0,30,1227,0,426998,32,1493,23,20696,4035,14217,23565,4,362,0,13,0,136,15298,133,3768,3,1295,8,14,8360,44,37573,30,660543,2945,165688,26,205,78305,253,14,2,12,12,40,691238,691238
"11",1995,"1995019","Northern America",NA,905,NA,33340948,1846060,18308,50989,25703,19873,0,0,5186,121,17458,122383,55872,4190,68221,100300,12815,26339,802,72235,62603,34687,55253,36667,272,10056,17,44804,54,103330,131,159490,94,4242,28217,178,1389,20943,147413,8837,795940,91,92,356,0,92337,1345327,408993,12611,415920,29,182,0,60312,6014,51972,819094,379,14879,102053,106,9936,59254,300,19917,528550,233289,122346,682568,12,19164,15820,131,66688,0,278,42455,37131,200967,48,97,229,3795,9475,891625,55317,224,251095,0,30453,233,0,369056,3850,37,240732,373121,0,201802,154383,5890,986592,70001,301656,84748,191719,0,115383,856489,558474,341960,43382,11261,45861,0,20730,2550,204299,34505,156844,84,25976,6271,0,36174,2661,1538,338,60372,0,465,18670,3750,284,85,5784,0,6858058,4980,118,76,0,4238,46123,777,29556,232,0,7701,216091,85,27585,204830,124,103052,0,21835,0,44826,281,212485,0,98519,199,13918,228320,1331794,609834,363687,1384320,666,782020,17716,63,161108,340945,1453,0,11318,12813,392,23100,14172,0,0,22800,7615,8130,11622,14817,24745,108,10329,13749,0,38952,79834,0,91313,76831,28797,16580,4938,59846,59719,59320,2318,147275,0,426,0,14253,213987,9167,82143,847,160,0,18980,268612,8077,1313611,28093,248134,34,28778,20547,0,81154,903302,0,0,12979,6295,10928,1054522,1054522
"12",1995,"1995020","Oceania",NA,909,NA,5022287,67404,15814,8382,1315,2208,1617,181,370,0,15,13057,710,28,70752,23972,128,230,650,8277,345,829,5131,17,13,392,33,622,0,26278,413,4845,3,1911,2465,15,7,10,27443,55,35660,1,3,12,0,28801,140781,80131,1947,3436,0,130,16990,307,43,55933,438,54,23918,16181,237,291,10968,63,3,42,1316,40336,10028,0,1562,2556,178,2748,112,19,60470,9656,60216,3,3565,10,9,168,132366,1625,447,142981,0,92,4,1529,276,17,11,492,53,0,146,29068,480,92570,56635,19992,18129,60621,737,7358,261671,830,34662,2918,353,6448,4128,1761,88,11912,9573,79925,32,83,1390,8,4843,151,153,468,92611,113,12,57450,402,20,8,19621,44,1049,7124,19,80,3419,0,1767,528,11940,394,1491,1658,123041,4432,319391,785,7,1431,5517,46518,2353,3411,188,10179,2824,138,2760,343,4928,157614,75380,18951,1412,183,46382,316,52,13519,15593,27,21,19,13,0,47,67513,0,0,1185,195,49660,2797,195,33266,0,4671,8185,2341,2617,72165,0,15213,56557,3005,2734,76,7256,12729,6538,26,23292,4904,6,1808,23660,1205,1102,32718,18,0,2615,1218,17034,1005,1321202,1806,98760,0,11366,383,5375,915,161801,6478,0,314,3248,11320,134812,134812
"13",2000,"2000009","Africa",NA,903,NA,15051677,747639,279365,478,380,29016,0,0,690240,0,629,1322,390,0,4927,4094,24,78,1141,2674,13,865,6506,0,310747,26,0,69,0,368,22882,3219,10,60,1744,1265788,748463,12211,0,83332,7241,0,44940,191836,0,345,31977,704,0,292,50251,63940,0,0,463417,504,2044,0,2139,1087,491,724702,2267,4576,0,0,9,42266,675,46102,445073,80,32371,159662,0,0,20,1170,168275,0,0,7514,19491,0,53189,267625,30,6690,0,0,0,0,45,350536,44560,24,0,0,0,356,14,53762,14023,750,67052,5447,0,2572,24474,82,2890,21133,746,100813,0,11400,46,14,176,22609,119801,196620,18379,0,169,80,27232,172405,9199,46,715644,144,0,0,91271,8539,6162,174,0,273,11,0,0,15369,557172,100,46306,10,92,12112,0,1454,46,200494,287194,9,139,12,1000,1658,9137,0,25,25,50,90,5422,5178,32461,0,1332,2007,46,1079,1336,16412,303332,95,11,0,0,0,0,0,11991,38280,237221,1600,10767,458437,979,0,223,66,0,745346,84681,333894,5694,1988,309873,514947,0,2297,3594,31118,594,3820,17,234134,0,0,11,4953,3052,210,0,0,430932,2857,2711,170256,142436,32900,39,48,359,0,151,69,0,165911,22667,121397,266584,40167,40167
"14",2000,"2000009","Asia",NA,935,NA,49394322,2107537,848556,4382617,3805,31789,0,0,2523,0,0,35742,229036,67,44542,22115,637445,0,39582,5110121,0,134719,14445,0,4,0,119383,536,0,2944,4,332016,70,35346,470308,0,2,11,189383,26,50546,0,7,9332,0,3195,3334091,70020,82862,1987,0,555,0,82,2,276,170,0,9900,1433,53663,343,6673,2,0,5,485,1296024,5,0,13981,2674,71,131110,0,0,212,3586,60515,0,0,0,0,151889,316335,1874,2,70549,0,0,44,1056,276,0,0,0,10,0,2,17119,113,5729975,2061956,136915,727511,2680,0,99891,13802,7,75251,258549,92284,3387,0,56867,28626,354819,10726,92114,0,1,28639,0,19104,47,4,4,961596,613,0,55,0,0,255,367,0,3940,0,0,1726,0,0,175247,5,1161937,2,0,950128,32126,0,12786,5,30,7457,0,134503,0,15647,10420,2607928,1186,9,373,4,58147,1031165,96999,3018,56,10351,812406,41709,0,149164,3937679,1,0,0,0,0,0,0,0,0,64509,67,1224,9,2,73272,0,388,143,0,77733,14070,8732,6176,550382,2415769,317200,133,8599,16432,475689,106414,201892,143745,0,0,0,7,41541,118367,10451,0,0,881,629236,85759,203459,273,287815,26,5330,327662,0,678,230734,0,0,468515,920,139,338361,338361
"15",2000,"2000010","Europe",NA,908,NA,56858788,440152,941195,141085,772463,941981,1044,5544,206376,1024,3932,140063,575985,1613,181519,332569,975178,2198,4862,198131,21389,1504214,310864,1376,16863,3057,681,17387,3836,1337484,2939,219028,391,3396,165901,13270,7850,84913,80560,66489,172010,1083,10275,4225,12725,102523,488547,80515,3022,126568,20211,70229,10,5219,66667,761900,78071,52458,102910,276954,15051,121588,139505,3901,8937,77972,63005,173987,13408,13813,27906,120529,1269,65108,1110,12123,3743,264831,878231,4,116,10080,19748,803254,1769341,139974,7651,522373,12876,10709,20,4,13543,19939,33034,23292,33307,41,5776,225603,19190,659083,199803,304480,219412,564430,6667,57826,1631862,146304,122875,31162,3447899,142673,190,12175,534507,58165,184388,160511,599,10981,23354,2502,288285,36523,47720,12884,64537,386,56371,33842,0,0,15912,84956,0,52200,284,4690,28650,180395,8945,1821214,84324,12280,2284,13,11449,359401,147,69093,5584,4459,164121,0,318360,277,102893,2647,457941,21,5250,1573,6115,128048,237013,1191188,1297016,347,1651,94172,537121,21,764954,6329532,12179,3351,6378,8382,41,7149,429,3459,13154,15875,144335,1062996,4643,28030,49637,18735,233836,92541,347,120733,193532,2,821471,247897,6364,21709,184834,175942,256334,100848,431276,120181,4577,32265,2,369,23215,427231,2635324,211983,137,362,61572,4601796,7788,800842,39381,547959,168,32319,1222330,279,111570,323297,26,149,17059,25125,55290,735943,735943
"16",2000,"2000010","Latin America and the Caribbean",NA,904,NA,6570729,173606,69141,199,386,977,0,50,6834,1931,8154,223972,1314,4787,3930,9790,6,1834,56,58,5323,651,7943,4235,2,88,18,268994,506,38,5,179653,4841,2,2423,25,6,56,194,44,36067,87,13,22,100,271311,66672,3780,10,762627,1,111,13,23861,19,3143,68803,5650,128,6245,2720,59,2366,0,20655,109480,63963,4771,47596,2,27,228,3,232,24,2,13,920,150993,3584,6,6,16,23,67964,161,40,6760,398,14160,7529,8,62016,6,2,39619,287378,2,41883,6652,44,8946,754,1241,309,1667,0,8029,361043,22538,91394,1150,17,108,0,97,4,1512,457,30343,11,6,283,168,1145,268,30,7,276,2,88,77,0,13890,1,2,1,52484,10,31,13,233,2574,2030,1455,73,10,7,16,22673,5,680,260435,40,868,86,3550,7,1280,8,995,2,21664,5,351091,204362,3584,27540,280579,21913,33,16633,976,1108,8767,18973,7,576,11207,14142,73,17232,0,37,11,1801,152,987,0,1,173,1382,160,1930,0,39,1403,0,346934,28,1676,23,21918,4558,15307,21124,5,417,0,21,0,271,16179,127,3057,3,499,8,10,10514,43,40466,28,762783,3711,155461,10,199,87965,252,16,4,18,20,58,799409,799409
"17",2000,"2000011","Northern America",NA,905,NA,40351694,1646420,17949,68701,45849,31729,0,0,6921,139,21102,142095,68765,4510,81292,87453,15639,30061,1327,120023,68358,43843,54986,42552,401,10503,35,57027,53,127218,188,231149,119,4338,45436,322,2323,27603,159240,14341,844410,89,173,614,0,107825,1760798,446503,13693,540761,40,282,0,76170,9078,81203,900163,371,15686,101498,109,15049,55945,496,18834,710258,317469,152719,876916,15,22741,16402,164,85504,0,257,54227,36112,230652,50,144,426,6144,11568,900903,84106,253,245854,0,38905,347,0,506830,6512,50,299979,484645,0,294496,144589,6263,1367938,84750,364701,118575,186501,0,129163,800491,688954,382634,53088,13165,62162,0,30397,3036,223649,35574,176455,94,40699,7981,0,36067,2729,1932,391,72016,0,831,18156,6478,287,149,6611,0,9452861,7267,109,129,0,4614,61289,881,37139,302,0,13146,214300,114,32836,235373,203,148760,0,26419,0,39433,555,311613,0,110342,297,17256,303181,1640909,658702,364322,1576690,1089,968022,22360,64,200182,399150,2634,0,13805,17081,372,29242,16919,0,0,31458,12599,10545,1035,22369,30832,106,10617,15404,0,56814,102210,0,95625,116699,31278,27695,6551,58561,64940,71773,2846,182834,0,743,0,17811,266980,11908,98033,1027,123,0,22963,334623,13432,1308609,31353,259515,35,31913,25118,0,117706,1161967,0,0,20747,8373,15008,1114800,1114800
"18",2000,"2000011","Oceania",NA,909,NA,5361231,54117,53514,13294,1530,2556,2142,30,420,0,30,12393,980,60,68910,22810,190,270,770,11715,370,1360,5320,50,30,410,70,700,0,28650,670,5388,0,2100,3020,10,30,30,30248,70,38225,20,10,40,0,26815,202921,86424,2050,4209,0,130,19458,350,60,60428,510,90,22810,13754,380,310,11315,80,20,70,1460,38746,10670,0,1780,1970,240,4275,130,30,73702,9420,66944,10,4039,20,30,290,127622,2160,480,130780,0,130,10,1733,310,30,20,520,90,0,180,27092,560,112701,70180,23285,31197,60177,710,7380,235899,930,37724,3480,380,8310,3801,2510,100,11129,7370,79070,70,110,1400,20,3850,150,180,540,96014,170,20,52610,498,40,20,18530,52,1270,9354,30,120,5330,0,2011,630,12782,450,1570,2574,114440,4679,373171,800,20,1800,5659,49560,2476,3990,340,13689,2791,140,2283,360,5770,174191,68764,17990,1746,250,58921,570,90,15072,19668,50,21,19,13,0,47,77193,0,0,1780,240,52060,2790,260,38096,0,6360,8640,2381,5474,106009,0,14379,64300,3060,4090,90,8043,14864,7320,50,28054,0,20,2059,28263,1410,1220,34060,30,0,2241,1420,17857,1390,1342616,1998,100831,0,10570,490,5945,1170,168753,7360,0,390,4371,14917,139466,139466
"19",2005,"2005015","Africa",NA,903,NA,15969835,841977,332079,539,439,31086,0,0,477789,0,502,1653,413,0,6047,4773,29,65,1276,6573,16,992,7672,0,479386,33,0,90,0,434,28588,3553,12,72,2266,1346601,599870,14438,0,85711,8366,0,114996,195728,0,427,33854,913,0,379,65407,85237,0,0,572465,643,2248,0,2799,1357,495,932431,2758,4217,0,0,11,45725,758,53211,205561,103,42484,144359,0,0,25,1330,181352,0,0,21137,18816,0,59796,375804,38,8452,0,0,0,0,58,347204,47553,31,0,0,0,399,17,65753,15183,886,72123,7236,0,3246,28918,107,3317,22925,836,105868,0,12386,75,17,232,20427,157917,279406,18593,0,222,66,31603,205372,10122,73,820974,188,0,0,78535,10844,6410,220,0,308,13,0,0,16015,575408,130,60996,12,168,15103,0,1875,60,293873,334842,11,171,14,1282,1863,11429,0,32,32,65,116,6159,6556,38750,0,1494,2452,55,1083,1620,17949,257589,124,14,0,0,0,0,0,12717,41113,242680,2143,14460,82113,1170,0,288,50,0,742204,85427,233443,6562,3086,375406,756929,0,1934,3941,33642,663,4150,13,342715,0,0,14,5364,3503,234,0,0,457915,3314,3041,206141,150685,36683,54,63,403,0,196,90,0,130960,24533,131114,347018,45082,45082
"20",2005,"2005016","Asia",NA,935,NA,53439306,1915295,1080968,3592951,3846,38784,0,0,2042,0,0,38513,210015,54,53890,21719,490849,0,42883,5333365,0,133616,15284,0,6,0,115866,436,0,2437,6,302831,72,34007,483590,0,3,8,404529,38,57073,0,10,5836,0,3295,4052817,189155,95834,2444,0,449,0,78,8,314,184,0,10327,1621,59678,494,6871,3,0,7,395,1425008,7,0,14405,2576,73,157065,0,0,197,3467,75809,0,0,0,0,129306,321570,2026,3,76995,0,0,45,854,223,0,0,0,21,0,3,15770,109,6649685,2420817,105709,883443,2928,0,85463,16120,10,84638,309007,85467,3135,0,62100,29871,617620,8472,115995,0,0,26419,0,15239,50,6,6,1101497,956,0,63,0,0,317,342,0,4327,0,0,9304,0,0,170541,7,1717053,3,0,1062368,35836,0,13555,7,30,12626,0,138351,0,17397,11062,2883275,959,13,301,6,64993,1204850,81427,3524,46,11670,740602,35601,0,137511,3853196,2,0,0,0,0,0,0,0,0,56983,70,1789,18,3,99331,0,435,150,0,101856,16008,9630,6378,617974,2625950,373827,109,9057,17219,600227,101786,212126,80055,0,0,0,10,35443,125886,10395,0,0,819,637121,68908,223482,310,318043,24,5745,372574,0,600,283880,0,0,557852,884,203,375116,375116
"21",2005,"2005017","Europe",NA,908,NA,63594822,348602,650531,201567,894892,1478747,560,5691,219554,937,3799,342583,614325,2214,202942,358438,937213,2188,5577,267992,19239,1390276,348728,1368,23529,3573,906,117657,4496,1316627,3335,411090,358,4545,354005,19753,14785,96447,67825,109177,197529,928,16017,8153,14776,138312,724297,92655,2662,394704,30641,84828,10,7830,110953,683167,122624,61709,101049,486904,24261,155562,148705,7056,15272,136294,537519,219697,20278,18553,45164,130633,1793,85469,950,12314,4895,255423,986773,2,99,19419,30627,738396,2015795,176567,8835,421180,14333,9530,10,3,13423,45350,34987,27119,73302,110,12611,289990,21760,863702,196164,342920,305050,524377,7740,69269,1411361,147408,123944,33835,3614205,150526,190,15658,617968,47668,222191,177299,877,13128,44042,2793,354064,49441,114333,14692,75746,460,73275,32253,1,0,23204,89569,0,83969,139,18588,32205,143141,7701,2195178,84457,15607,3013,24,37034,412391,127,71753,7900,7635,265402,0,237186,164,115269,3262,608616,110,6793,1640,24091,232717,346134,2077138,1100491,83,2769,97342,645810,16,1723036,6018582,23593,2872,5832,12592,21,6931,613,2881,17057,30440,205236,851310,4986,35097,49937,22039,253772,94506,346,153484,233953,2,680254,297119,8149,30293,213345,189226,390254,125077,479925,176434,4188,41450,2,310,23747,521301,2469292,216950,114,494,63393,4544927,11627,1064169,40531,610756,161,82035,1326926,876,188882,375149,14,125,19401,28718,88964,826212,826212
"22",2005,"2005018","Latin America and the Caribbean",NA,904,NA,7224942,314728,68272,245,320,1039,0,57,6891,2013,8475,243039,1045,5488,4566,8419,6,1701,60,111,5509,490,8057,4510,16,118,18,354544,614,81,14,193873,5325,72,2007,31,16,690,182,145,36751,93,107,30,70,259375,81454,2908,14,863920,1,132,13,26165,195,3086,68287,6629,107,4946,1711,154,2331,0,20853,118288,70888,4517,49698,30,29,324,10,250,29,3,16,1129,158595,3734,9,23,19,3431,66085,196,32,5642,402,14866,8596,9,65302,40,471,46953,339553,3,47394,5691,285,10941,1230,1441,551,1683,1,7889,306018,26369,79353,1589,43,158,42,112,8,1299,482,27843,16,9,271,126,919,218,30,9,272,2,133,79,0,14106,2,3,1,55493,8,30,9,245,2750,1926,1523,83,12,10,20,24642,7,780,182906,43,994,48,2937,10,1679,9,1068,3,16713,7,493883,296657,5337,21492,240714,18609,43,22749,734,1124,7477,15067,9,749,12323,13697,88,17546,0,29,16,1863,214,964,0,2,193,1460,226,1509,1,56,1372,0,309952,42,1975,21,28145,4814,14326,20541,5,468,0,30,0,406,15940,109,2611,4,985,6,15,8365,42,41398,32,934084,3528,156144,12,186,92294,262,14,6,27,21,65,971443,971443
"23",2005,"2005019","Northern America",NA,905,NA,45363257,2252619,17302,82683,64467,47434,0,0,9780,103,24735,168662,71178,5250,88611,78919,17719,30642,1681,159388,68360,54237,54162,45953,1086,10737,1111,70286,52,138990,383,299489,105,4018,61212,793,4374,30266,168043,26091,845005,230,256,668,0,112616,2116911,430684,14782,620295,109,1004,0,84220,17975,81514,968633,368,17511,97627,355,26396,53101,943,28094,768743,376596,166692,1037828,40,27080,15131,235,128747,0,190,58409,32069,245518,62,131,681,11724,17080,849270,108577,269,226750,0,40222,454,0,657750,12607,67,319317,559751,0,389065,130767,5963,1815863,95464,409594,142402,172741,0,144939,714605,731568,384786,62656,17529,86541,0,33030,4700,217932,33483,187150,95,57096,10211,0,38868,2958,2635,529,77289,0,1188,16374,6179,415,332,9627,0,10672250,6933,138,607,750,5375,87317,982,54942,666,0,34431,198844,119,36410,245137,450,194243,0,29324,0,35291,1031,377686,0,108545,399,27384,372481,1948615,635932,343102,1618485,1361,1092585,32589,196,221237,431218,3830,0,15735,20704,320,31238,16164,0,0,43369,24307,34233,936,29146,35034,105,11513,14645,0,97445,111668,0,96281,141412,34366,40719,10773,56160,62447,75965,3794,206837,0,1563,0,16987,281673,15695,111210,1606,138,0,33879,355998,18654,1260729,41099,276899,45,44261,29385,0,155140,1258036,0,0,28657,14462,34158,1132961,1132961
"24",2005,"2005020","Oceania",NA,909,NA,6023412,58905,58663,20671,2270,2792,2028,30,450,0,30,13959,1110,50,74543,22319,300,270,1080,19437,380,1600,5790,60,30,460,130,770,0,38400,970,9216,0,2570,3440,20,430,30,33886,130,45277,40,10,40,0,28186,318105,87215,2100,6182,0,710,19561,380,200,71479,610,100,22450,14554,430,360,11905,120,20,110,1650,40022,10750,0,2280,1660,270,6999,120,40,93129,9490,77726,10,2486,30,80,400,133744,2820,490,129010,0,130,20,1675,350,220,20,560,90,0,230,25539,670,192007,75711,29391,42860,62337,760,8950,222507,1000,46078,4160,670,12293,3789,3120,240,11323,6310,84900,90,1360,1570,20,3300,170,220,760,115511,280,40,51380,474,30,20,20310,58,1820,11267,50,240,4020,0,2232,770,14136,740,1834,4604,112772,4972,431683,770,10,2580,5239,51320,2547,4380,840,20574,2714,170,2123,410,6680,201762,65196,18160,3633,440,83998,810,140,17860,22521,180,21,19,13,0,47,82456,0,0,3559,280,39290,2890,1570,47775,0,6060,8760,2653,6275,154005,0,14540,77653,3260,18590,100,9674,16071,8260,70,37440,10710,30,2088,31041,1560,1307,37460,60,0,2417,1880,17904,2800,1352397,2334,114753,0,10790,760,6375,1580,180367,7409,0,520,5796,29474,160490,160490
"25",2010,"2010015","Africa",NA,903,NA,17804198,1181481,454938,994,1557,29704,324,842,444047,0,485,2406,441,0,8610,6535,31,64,1428,11137,25,1143,10464,0,512689,51,0,140,0,526,41836,4574,428,83,3500,1408685,256309,16244,0,101291,10277,0,227943,185415,0,1888,43434,1417,0,568,74128,82203,0,0,781435,1761,4421,0,4343,1991,2002,1046347,3720,4638,0,0,12,46113,828,61615,196349,150,66275,162054,0,0,39,1610,208337,0,280,14828,18883,0,78458,399242,55,11529,0,302,767,0,87,374369,53243,48,0,0,0,434,26,86171,16816,1145,79349,11225,0,5782,37451,167,4526,25036,2413,123129,0,13536,90,26,363,21768,242000,127034,25119,0,347,68,34715,237836,11277,109,894802,294,0,0,77860,13243,6294,312,0,343,14,0,0,16080,721634,198,94390,18,266,21583,0,2866,93,325924,378016,17,216,21,1771,2038,15121,0,50,50,101,178,7137,9698,53897,0,1631,3234,59,1146,2187,21358,298306,194,21,0,0,0,0,0,13751,46048,259474,3356,16690,51938,2185,0,423,49,0,986414,85235,385700,8169,3769,408783,590500,0,1945,4659,37115,724,4951,8,366650,0,0,21,5918,4109,256,540,0,581414,4537,5841,163371,161257,43409,446,508,440,0,291,140,0,143923,26802,144537,480867,53737,53737
"26",2010,"2010016","Asia",NA,935,NA,65938712,2116494,1358219,4692612,3702,46348,0,0,74,0,0,41719,197176,62,68543,20924,258130,0,42399,6148292,0,131726,16157,0,9,0,80721,45,0,2551,9,321370,74,31958,498830,0,4,128,660513,62,73162,0,16,6752,0,3470,4633423,311396,109740,3041,0,521,0,95,15,369,204,0,10822,1958,67814,832,7179,4,0,11,461,2067587,11,0,26685,2462,75,202305,0,0,182,3405,97537,0,0,0,0,118980,330100,2211,4,89084,0,0,46,992,34,0,0,0,42,0,4,14805,131,9339116,3022485,105037,1921363,3669,0,71339,20258,16,110397,454406,77999,2784,0,98755,31546,919103,6313,167329,0,1,24663,0,11436,55,9,9,1273262,1680,0,78,0,0,354,318,0,4840,0,0,20481,0,0,172504,11,2347860,4,0,1302870,42132,0,15751,11,32,23684,0,142612,0,19176,11914,3728555,34,21,59,9,69410,1689710,66765,3710,55,13983,812284,29886,0,128329,3806671,4,0,0,0,0,0,0,0,0,58388,74,2891,35,4,123157,0,514,160,0,213079,19805,18194,7523,783476,2878841,527918,127,10114,19031,793656,59209,243832,20485,2,0,0,16,32972,153185,15094,0,0,760,642677,72661,255304,377,385173,23,6232,420264,0,539,336560,0,0,791184,878,333,458335,458335
"27",2010,"2010017","Europe",NA,908,NA,70678025,340386,635984,228466,1026191,1510720,44,6992,195548,728,3977,421120,641854,3232,235438,390769,885580,2321,5910,352908,20278,1263389,390748,1449,26419,3767,1513,251529,4403,1369764,3489,588331,386,4703,519199,24419,20163,101225,70815,139264,221757,965,17507,9274,15573,162780,955128,96716,1877,528403,34762,95502,3,10196,130617,660546,169432,60419,107326,663020,25253,194397,157902,7730,14270,215055,618461,263623,27091,22671,62185,140697,2017,112859,999,12438,5271,245280,1141102,0,99,21339,41106,663900,2299635,219667,9337,347686,15512,10006,0,1,18096,63064,37632,28403,77828,174,33112,348298,25939,1099677,188842,373182,395882,472283,8148,76012,1393765,153584,131924,36603,3698999,181041,191,17199,688301,47263,234258,195001,930,13573,63666,3462,460351,58434,122485,15670,82894,515,100655,34772,2,0,30679,94938,0,106147,114,26244,35518,145293,8138,2553692,73022,21513,3404,24,46088,470393,132,77353,18941,9221,334371,0,296815,49,122150,3473,772794,211,8750,1670,90694,372187,458141,2938195,1336976,76,3642,108149,752435,14,2961692,5785458,27212,3011,6018,13190,1,7233,900,2211,17056,34804,262631,719354,5349,34611,54004,21578,240744,98761,349,239657,308382,2,670687,343868,11710,35341,212154,221022,511053,140805,519844,228273,3898,47780,1,369,25208,556442,2396501,218889,124,663,68887,4370815,13119,1287882,44446,685326,137,105392,1423808,939,250690,407291,1,65,21333,34443,138042,926363,926363
"28",2010,"2010018","Latin America and the Caribbean",NA,904,NA,8262433,165015,66135,304,280,1108,0,72,6881,1563,7630,256508,796,4992,5395,7301,8,1528,63,174,4652,332,8719,5143,30,147,20,441865,2881,126,23,208913,3978,142,1726,38,26,1323,173,261,41448,106,204,37,125,251412,101348,4440,19,1262293,2,159,12,27514,379,3081,69915,8813,91,3729,936,248,2409,0,20814,118149,82910,4276,62490,59,31,425,16,252,40,4,20,1391,168697,3862,12,41,27,6852,67613,237,28,4594,416,10508,9558,13,73845,74,941,57426,393741,4,56891,4857,525,14362,1755,1792,821,1802,2,8154,259343,32782,67066,2062,73,223,85,133,12,1089,517,24836,20,46,368,102,1347,234,67,19,405,12,183,107,0,14138,3,4,2,61769,6,154,18,284,2909,2383,1573,119,62,14,81,30066,8,1125,328011,62,2435,11,2382,14,2188,32,1180,24,21583,9,636348,395438,7823,15818,198819,16395,56,29845,494,1138,6360,12192,25,1043,11469,13135,105,14763,0,54,80,2327,424,1388,29,10,346,2169,540,1273,1,64,2995,0,285573,55,2299,19,33815,5297,14380,20209,12,997,49,48,0,540,15932,174,2203,25,1469,4,89,7212,80,43849,129,1158048,3062,157196,39,204,106711,402,13,8,28,23,176,1200164,1200164
"29",2010,"2010019","Northern America",NA,905,NA,50970861,2104731,18253,100275,85695,65713,0,0,12976,75,29299,201274,75883,6133,93727,73143,20398,31811,1995,204852,70963,66711,54605,50679,1605,10796,2210,85656,4095,156578,355,375877,95,3945,79829,1010,6225,33927,182967,38300,871436,240,235,750,0,120890,2535293,436221,16609,719020,175,1655,0,94782,27086,86182,1068599,40015,20024,96828,340,38278,51161,1330,38579,852191,448844,187128,1236078,55,32319,14515,280,177333,0,254,65235,29205,251646,70,115,830,17783,23232,812879,137419,285,217459,0,43084,430,0,832780,18979,85,352974,652048,0,497639,121274,5782,2302696,108774,468934,172037,162723,0,164486,645561,801873,392992,74074,22701,114341,0,36781,6608,219356,32327,205988,90,75672,11918,0,43094,3240,3335,610,85023,0,1435,15451,6063,490,485,13160,0,12238357,6803,150,1035,1525,6322,116637,1125,75068,680,0,56924,192952,85,39979,263026,625,244019,0,33580,0,32063,1385,439700,0,109985,410,38406,455344,2297913,639642,338520,1711045,1650,1239666,43889,265,252559,478704,4920,0,18311,24142,285,33502,15889,0,0,48251,36584,66584,905,36985,39863,1605,13145,14668,0,142830,124219,0,99485,174429,38617,55695,15438,55210,60964,83088,4881,236921,0,2390,0,16666,307666,19496,127577,2260,147,0,46388,390451,24235,1261494,53065,267046,45,58376,34706,0,196910,1401125,0,0,37448,20882,54097,1149563,1149563
"30",2010,"2010020","Oceania",NA,909,NA,7127680,64700,67114,33154,2880,2860,1791,20,530,0,40,15060,1200,60,76131,21480,420,280,1330,32752,430,1840,6510,60,80,520,1690,860,0,39730,1120,19278,0,3040,3600,40,1860,30,38701,270,54258,80,20,60,0,30204,464616,92879,2560,13200,0,1030,20544,440,480,70392,750,120,21350,14724,230,2470,12066,130,30,140,1940,43143,10960,0,3090,2240,340,10016,130,40,112166,9520,90650,10,953,30,100,490,138648,4210,480,122520,0,130,20,1211,410,660,20,600,100,0,240,24170,700,387253,90498,39470,57605,79069,880,10700,206961,1090,53574,5250,1190,16961,3280,4320,360,11878,5590,89640,110,2930,2370,30,3090,210,260,1020,145649,430,60,48660,418,40,50,26980,31,3400,12483,70,700,1880,0,2514,860,24775,1090,2090,28357,109549,4686,525922,820,20,4640,5330,51470,2542,4350,1250,34929,2352,220,2040,450,9610,258635,60923,18470,5083,660,116777,1000,210,18917,25876,620,21,19,13,0,47,88028,0,0,13885,370,35725,2970,3320,58753,0,5990,8380,2998,7662,204464,0,15115,105290,3070,25440,120,11323,17214,9330,100,58582,10580,280,2167,34474,1690,1384,39810,90,0,2344,2860,17623,5240,1438354,3848,130956,0,10630,1300,6703,3350,210658,7448,0,590,7544,41880,185734,185734
"31",2015,"2015015","Africa",NA,903,NA,23476251,2260145,724147,1136,1930,43078,401,1049,400030,0,4922,4103,436,0,13609,10208,27,71,1553,14085,55,1325,16478,2,602902,91,3,256,0,688,70921,6569,539,79,6221,1489329,428763,17849,9,125822,14496,0,665105,172957,0,2653,61794,2542,0,3587,77431,119238,0,118,869860,2640,5522,0,7740,3325,3684,1243571,5580,5406,13,2,10,51136,860,96213,386572,242,83512,139398,0,0,72,2095,236754,0,346,18638,19914,0,117808,459823,88,17837,0,374,950,0,145,385142,55896,85,25,0,298,439,45,92112,18581,1641,92307,19675,0,8997,54758,300,5710,26310,2809,136823,3,14198,97,45,677,24728,303934,100923,27151,4,625,82,36040,281328,12205,143,1114320,529,6,0,76313,19420,6507,492,3,369,10,0,0,19367,839982,344,167844,49,395,35691,0,5023,171,363682,553928,29,267,36,2581,2116,22760,9,89,105,181,317,8485,16544,57334,0,1692,4385,46,1370,3323,23424,473959,349,36,0,0,30,28,0,15897,49136,262190,6054,17961,52075,3016,0,698,71,12,1224577,88861,1027597,10535,4733,411386,1091458,0,2174,5828,125141,769,5780,8,438683,0,972,36,7337,4994,270,669,1,595586,7221,6696,151604,172857,45541,539,684,455,0,489,254,0,186861,34041,182010,555536,60128,60128
"32",2015,"2015016","Asia",NA,935,NA,77231760,2435251,1546726,4501612,3741,47306,0,0,76,0,0,42657,190226,63,74026,21119,208393,0,44649,6583745,0,133959,16362,0,8,0,35614,45,0,2504,8,275091,75,32159,506218,0,3,131,717715,59,78791,0,15,7181,0,3571,4974216,354349,117903,3088,0,529,0,95,16,334,120,0,10811,1917,71606,836,7342,3,0,10,467,2548038,10,0,28647,2432,76,244093,0,0,174,3482,106410,0,0,0,0,128302,334464,2296,3,88858,0,0,46,1008,34,0,0,0,40,0,3,14403,129,10974385,3660785,129370,847629,3675,0,68659,20763,15,122878,542161,75939,2691,0,101464,32132,992389,6379,204644,0,1,42065,0,11465,54,8,8,1425985,1597,0,76,0,0,267,305,0,5105,0,0,25398,0,0,178066,10,2637415,3,0,1781103,44121,0,17060,10,30,31044,0,144652,0,20072,10981,4564248,34,20,60,8,64383,2105916,68733,3880,54,14568,735517,30517,0,131154,3904770,4,0,0,0,0,0,0,0,0,53281,73,2707,33,3,141666,0,482,161,0,295606,20269,20708,7815,914060,3180672,631946,128,10380,19128,5709471,48589,261526,22666,2,0,0,15,34447,157457,15249,0,0,731,658914,78897,270079,373,412659,22,6425,439851,0,507,487462,0,0,983722,845,319,491450,491450
"33",2015,"2015017","Europe",NA,908,NA,75008219,290743,820878,296193,1012511,1660570,44,7566,218568,892,5771,389072,655665,4913,246696,405314,902960,3044,7561,382362,25895,1262815,426156,1834,29326,4790,2288,189750,4476,1402629,4323,594907,454,5907,545292,26693,22448,112060,78201,157709,251309,1228,19426,10305,19760,157280,1063228,122769,2029,516404,38484,102747,3,11207,144616,661318,202561,61301,129262,716089,28358,219214,165908,9259,17002,242066,540393,285208,30857,20678,116231,174259,2410,129332,1276,14472,6647,241066,1221704,0,122,23647,46349,672810,2358809,253664,11902,384660,17696,12702,0,1,20199,73933,41260,34716,85952,300,48587,396514,31221,1272620,184925,425862,444887,470706,10415,83581,1532144,145359,147265,39414,3782844,171478,237,21354,703616,51965,264296,211295,1147,14272,70237,3443,498377,65855,135700,19850,101002,570,106071,43216,2,0,30799,108854,0,118290,124,28605,38248,150481,10376,2639296,83661,27193,4133,32,60578,502512,166,95130,27144,10634,363299,0,335875,50,130720,4499,870265,195,9120,2585,70424,364532,507161,3395743,1391068,59,4798,117645,832824,16,3005555,5834059,31657,3846,7669,16025,0,9211,918,3593,19386,45094,279272,715858,6215,40954,66894,21893,289692,107058,440,318138,298644,126,758525,391827,20016,49171,226158,241244,533969,264984,529786,266759,4690,53518,0,442,31457,595520,2550736,222768,156,649,87104,4664169,17787,1323239,54970,719240,174,94391,1448180,1066,271376,434774,1,1180,27357,41638,173876,993035,993035
"34",2015,"2015018","Latin America and the Caribbean",NA,904,NA,9441679,221080,79846,421,323,1231,0,88,8264,1609,7859,275149,838,5345,6843,8629,10,1594,71,202,4824,342,10477,5218,36,158,24,543844,3098,154,29,233297,4055,171,1975,44,31,1584,189,314,46248,134,224,54,126,290579,132556,4665,28,1390750,3,188,14,31755,456,3663,70198,9550,103,4114,2884,287,2889,0,21660,117326,94405,5048,71557,72,34,515,19,270,58,6,29,1704,184440,4115,18,52,39,10332,82088,276,33,5224,465,10850,9870,17,89877,91,1134,61638,606223,6,66723,5664,635,18364,2083,2093,970,2123,2,10361,296545,35385,80064,2423,88,260,102,153,17,1097,592,27803,30,58,418,107,1516,264,84,24,476,15,274,131,0,12760,4,6,3,71726,7,189,19,300,3052,2629,1912,136,78,21,101,33807,12,1399,339080,76,2738,16,2808,21,2781,41,1434,30,23359,13,736953,460213,8760,18040,229062,15704,82,32954,506,1170,7325,13882,33,1413,11808,13638,117,15543,0,63,103,2571,484,1528,35,12,439,2329,667,1367,1,77,3651,0,320190,65,3140,23,40124,7173,17173,21763,15,1166,59,69,0,818,16441,207,2592,31,1591,4,105,8351,96,50121,157,1154366,3151,183578,49,228,169816,468,14,12,30,27,209,1201354,1201354
"35",2015,"2015019","Northern America",NA,905,NA,55633443,2393544,14868,125558,107079,83622,0,0,17157,64,33964,218554,98353,7160,110265,66851,25768,38123,2366,280777,72437,71574,55684,56122,2738,10894,4203,90881,4055,163278,841,390402,84,4441,92096,1960,8387,40658,204594,67639,833125,267,1044,1579,0,133161,3319978,455813,18261,768755,133,2435,0,95850,40027,84598,1228379,39624,24395,96718,772,50959,48482,2213,35131,1097336,492857,252159,1399967,59,51195,14254,10714,253958,0,269,71245,31323,278981,277,178,1064,23820,29670,730023,183893,163,213907,0,45816,509,0,1008622,25472,108,386073,776773,0,615165,115220,6413,3052205,118662,547135,281233,148294,0,156229,586889,848737,363415,88515,41220,152074,0,44912,9064,228110,30985,207491,103,87932,15914,0,44380,3337,3515,663,95497,0,2074,15757,7188,638,896,15744,0,11723096,8064,108,1406,1846,7353,142728,1237,142558,1024,0,119926,180412,465,34260,280654,9783,296745,0,29315,0,29958,3842,384598,0,117579,200280,34359,486875,1990133,448719,760986,1840676,138083,1060519,46393,122101,195304,386821,89428,0,97023,29422,2084,31334,18995,0,0,100681,42472,58203,7436,74700,37156,1589,3010,21365,0,107267,109433,26969,156038,58393,82192,55922,145500,53238,43957,91446,23657,320531,0,14927,0,29851,259352,121021,443726,19570,26532,0,46198,383618,25500,759866,71035,497873,20398,303307,61293,0,242735,1306897,0,0,66219,192453,58394,1343976,1343976
"36",2015,"2015020","Oceania",NA,909,NA,8069944,71352,83929,52090,3460,2867,1522,20,560,0,60,17280,1460,70,78237,19330,650,310,1730,46356,450,2180,7290,80,110,580,5850,1050,0,36750,1320,30518,0,2890,3930,60,2390,40,41797,450,62912,130,30,70,0,32683,609887,102405,2780,21007,0,1610,21544,500,600,63615,880,150,20100,14577,220,4270,11695,190,40,210,2810,46004,11350,0,4660,3440,390,14317,120,30,129730,9210,106759,20,1169,50,130,620,132944,5900,490,115820,0,140,20,1119,540,940,20,660,120,0,320,22541,610,520514,96656,65263,76568,99970,810,11240,200965,1290,61477,6530,1920,21434,3780,6580,490,11620,4990,93290,150,3520,2790,20,3370,250,290,1400,160598,610,80,44070,422,40,60,28660,8,5390,12436,80,1780,2030,0,2718,1010,34360,1430,2173,51740,101224,4154,583165,860,30,8360,5324,49990,2532,4360,1560,67055,2293,250,2082,500,11270,326556,56549,19140,5031,1100,138842,1160,220,19389,31465,980,21,19,13,0,47,97023,0,0,16431,430,34923,3030,3990,65110,0,6720,8060,3417,9797,233786,7480,17917,129774,3190,19730,170,12882,17495,14170,160,74423,10000,370,2171,37978,1910,1285,39710,100,0,2554,3800,18492,8090,1473372,4528,152756,0,10580,1840,5593,5760,243131,11210,0,710,8781,48586,216248,216248
"37",2019,"2019015","Africa",NA,903,NA,26529334,2272074,785250,1289,2156,44703,446,1166,407618,0,4749,4621,500,0,15277,11483,35,76,1762,14791,58,1497,18392,1,631127,101,2,284,0,762,79183,7245,599,102,6982,1549306,587178,18620,8,135413,16037,0,745799,185455,0,2962,68329,2845,0,3595,79423,125553,0,112,911710,2968,5786,0,8692,3763,3902,1383659,6217,5891,12,1,12,56836,964,102705,446892,275,93540,157812,0,0,78,2342,248464,0,385,20188,20602,0,131902,478867,99,20075,0,416,1057,0,162,413880,58753,95,23,0,284,498,49,98986,20520,1843,102834,22032,0,10212,61060,336,6548,29204,3129,137969,2,15804,120,49,753,26850,339973,105401,29822,3,699,87,36458,299660,13726,161,1139522,592,5,0,94671,21106,6606,564,2,412,14,0,0,20556,923379,385,188021,51,416,39971,0,5639,189,379145,630354,32,323,39,2872,2383,25084,8,99,114,202,354,9382,18570,62579,0,1896,4826,63,1428,3734,26962,457156,390,39,0,0,28,26,0,17039,54214,286675,6784,18707,56980,3362,0,794,73,11,1244623,92442,2547562,11334,5087,470108,1161292,0,2357,6709,176204,847,6489,8,468819,0,927,39,7946,5710,298,744,0,580330,8055,7459,168150,179006,50549,595,760,2210,0,553,282,0,194312,21937,193916,607784,66687,66687
"38",2019,"2019016","Asia",NA,935,NA,83559197,2486931,1559115,4432460,4913,46313,0,0,78,0,0,41974,185296,64,78550,26134,215494,0,45446,7026940,0,136272,19392,0,7,0,34451,45,0,3343,7,295535,101,32045,675814,0,2,135,747751,58,84834,0,14,7653,0,3493,4982349,360881,136919,3030,0,545,0,113,16,412,132,0,14495,2319,74643,861,8587,2,0,9,480,2846685,9,0,34407,2491,102,271899,0,0,170,4142,115521,0,0,0,0,128203,432126,2594,2,109708,0,0,62,1039,35,0,0,0,39,0,2,14282,143,11889410,4086876,172357,943285,4219,0,69292,22440,14,131316,604710,76810,2711,0,106568,32945,1032100,6328,235853,0,1,44181,0,11597,68,7,7,1266764,1603,0,89,0,0,276,299,0,5364,0,0,25917,0,0,174624,9,3475193,2,0,1996320,53092,0,17720,9,28,33179,0,195562,0,21621,10972,4790649,35,19,61,7,67417,2370392,68089,4182,54,14851,768203,31527,0,135645,4009990,4,0,0,0,0,0,0,0,0,56047,94,2709,32,2,150239,0,592,211,0,301575,20111,22078,8757,1127670,3304104,738115,130,12378,23124,6839906,38823,277231,23669,2,0,0,14,34563,162709,15777,0,0,718,671269,83979,293988,450,429447,21,6263,453346,0,510,565531,0,0,1138887,831,318,514281,514281
"39",2019,"2019017","Europe",NA,908,NA,82304539,311208,868939,488944,1080239,1759610,43,7818,225514,993,5631,406226,670382,6089,276223,437204,911777,3250,8314,435166,29276,1263080,464251,2028,32133,5421,2435,192719,5109,1434948,4864,656803,511,6642,753352,29566,25057,121897,83302,173789,276055,1393,20675,11466,22417,165656,1205047,138602,2065,551588,40728,108628,4,12272,157955,827071,219900,70097,144524,781491,30506,239522,173533,10193,18515,261283,544487,316978,33757,22820,209210,185722,2642,150888,1448,13545,7531,238236,1322597,0,136,25232,71987,678126,2503056,283416,13500,555599,18207,14344,0,1,21557,88407,43420,38719,91145,209,65981,463878,33767,1488666,188008,481863,588136,533716,11824,92373,1888256,164886,163358,44442,3878875,194581,265,26856,711529,55159,286099,230432,1299,15028,85974,3577,544655,71133,144095,22508,113493,627,122498,48798,2,0,32531,118680,0,132249,128,30613,42244,148576,11769,2781506,85444,30072,4665,32,79476,554043,187,107205,33525,11864,439310,0,375275,49,137603,5198,984687,198,9693,2205,77202,384056,563156,3824285,1493128,63,5325,128886,929979,18,3194294,5993380,34359,4368,8696,17820,0,10440,968,2355,19852,57585,309019,840572,6868,45345,75994,25034,333084,114581,501,381218,335671,336,901163,432505,20821,60259,223358,259255,565014,1062656,532712,300344,5091,57970,0,491,35565,638385,2800200,223606,174,648,99502,4779015,24494,1423666,62000,797994,197,97451,1455576,1137,324338,469341,1,1244,34528,82346,208529,1097677,1097677
"40",2019,"2019018","Latin America and the Caribbean",NA,904,NA,11673288,220861,88624,493,344,1318,0,99,9286,1646,7988,305335,865,5687,8125,9602,12,1660,76,219,5007,354,11806,5443,40,166,28,585895,3310,174,34,248391,4116,192,2129,48,35,1775,201,341,50198,136,236,71,128,298181,142549,4786,37,1409138,4,211,16,33856,514,4162,71552,10416,114,4372,2976,317,3269,0,22151,112213,103693,5609,73743,82,35,586,21,280,59,8,38,1936,193590,4238,24,61,40,13760,91810,293,38,5698,477,11484,10171,21,94213,103,1278,64489,656380,8,69847,6238,720,20007,2323,2280,1102,2363,2,11454,309277,37809,89384,2673,100,292,114,163,21,1187,647,29867,40,68,452,112,1633,290,98,27,527,17,363,153,0,13194,5,8,4,76045,8,217,20,297,3135,2793,2170,143,91,28,117,36268,16,1617,345134,91,2992,21,3258,28,3241,48,1672,35,24049,17,756543,522845,9497,19268,249250,16266,108,35924,522,1214,8024,14936,40,1817,12060,14051,123,16353,0,70,122,2614,526,1580,39,13,517,2473,752,1450,1,89,4176,0,335770,74,3843,27,43809,8638,19009,22210,18,1287,66,89,0,1092,16646,233,2936,36,1689,4,116,8779,105,54362,180,1191556,3192,192260,56,233,1924877,496,15,16,31,33,236,1242520,1242520
"41",2019,"2019019","Northern America",NA,905,NA,58647822,2584771,16148,135162,115508,89772,0,0,18502,68,36658,235856,106176,7726,118894,72059,27794,41154,2535,302730,78108,77200,59975,60588,2934,11748,4503,98105,4345,176027,901,490982,90,4759,99299,2100,8987,43903,220748,72889,827561,286,1118,1692,0,143580,3588592,490520,19672,872616,142,2609,0,103476,43131,91027,1356341,42461,26309,104273,827,54818,51820,2371,37914,1184930,532115,271776,1480174,63,55161,15364,11481,273980,0,264,76734,33744,302303,296,190,1140,25717,32019,718478,198388,174,230475,0,49392,545,0,1089074,27463,115,416195,837957,0,664255,124124,6904,3371452,128025,566998,303141,152688,0,174162,591597,906591,380752,95477,44409,164001,0,48374,9762,246217,33410,221451,110,94936,17132,0,47884,3596,3766,710,102928,0,2222,16953,7761,683,960,16871,0,11575196,8708,115,1506,1978,7934,153559,1325,153881,1097,0,129389,194101,498,36995,303077,10483,320361,0,31645,0,32334,4117,415257,0,126962,214622,37081,525775,2055551,458423,802234,1985700,147971,1084329,50078,130845,210760,411849,95832,0,104127,31721,2233,33787,20508,0,0,108618,45864,62688,7968,80393,40115,1702,3225,22973,0,115718,118090,28900,168129,63012,88410,60300,156041,57473,47456,98698,25390,345691,0,15995,0,32150,280062,130688,478636,20989,28426,0,49884,414269,27428,797872,76537,533305,21858,325459,66188,0,262075,1375520,0,0,71339,206440,63035,1374847,1374847
"42",2019,"2019020","Oceania",NA,909,NA,8927925,74580,89844,62408,3872,3068,1328,31,592,0,63,19402,1629,74,80186,19468,740,327,2020,55306,476,2391,7924,84,116,613,7797,1163,0,37802,1512,46383,0,3237,4284,63,2740,42,45874,539,68402,158,42,63,0,36279,745415,112724,3237,29065,0,1851,22468,571,677,64372,973,158,20514,15170,264,5438,12190,211,42,232,2898,49742,12092,0,5776,3819,402,16888,116,21,138082,9606,114059,21,1247,63,137,708,136831,7067,507,117702,0,148,21,1136,603,1110,21,698,137,0,338,23106,603,642410,107240,76634,95024,101779,983,12442,205147,1385,67494,7871,2264,25883,3989,7617,592,12322,4983,99705,158,3904,3025,21,3755,296,338,1629,191784,645,95,44552,437,42,63,31380,7,6760,12973,95,3787,2158,0,3031,1089,39798,1639,2310,79646,103278,4397,608127,931,42,12135,5540,52201,2648,4665,2221,85937,2374,285,2107,603,12473,369359,58350,20186,5264,1481,154412,1248,264,20337,34598,1153,21,19,13,0,47,102901,0,0,17176,476,36152,3174,4369,70524,0,7236,8305,3721,11154,254111,9342,19789,147420,3364,20620,179,13724,18484,25825,169,89077,10368,402,2242,39773,1978,1398,42880,126,0,2624,4401,19680,10939,1536960,5000,164221,0,11246,2147,5976,7427,272784,11804,0,888,9521,53752,233236,233236
